ID,Responded Campaign,Owns Multiple Phone Numbers,Average text messages (90 day period)
ID,Responded Campaign,Owns Multiple Phone Numbers,Average text messages (90 day period)
6,Android Phone,N,1807
8,Android Phone,N,1364
18,Android Phone,N,1407
29,Android Phone,N,1043
37,Android Phone,N,841
42,Android Phone,N,1573
52,Android Phone,N,1590
53,Android Phone,N,1205
60,Android Phone,N,1441
61,Android Phone,N,1696
68,Android Phone,Y,1728
77,Android Phone,N,1019
86,Android Phone,Y,1718
89,Android Phone,N,1680
92,Android Phone,N,1717
95,Android Phone,N,1811
104,Android Phone,N,1431
109,Android Phone,N,1211
133,Android Phone,N,1666
135,Android Phone,N,1889
136,Android Phone,N,1638
140,Android Phone,N,1145
148,Android Phone,N,1900
154,Android Phone,N,1127
166,Android Phone,N,1276
178,Android Phone,N,1621
190,Android Phone,N,1530
206,Android Phone,N,1640
207,Android Phone,N,1599
214,Android Phone,N,1807
215,Android Phone,N,1016
219,Android Phone,N,1536
221,Android Phone,N,1311
222,Android Phone,N,1187
232,Android Phone,N,1064
237,Android Phone,N,1873
238,Android Phone,N,1362
241,Android Phone,N,1153
244,Android Phone,N,1880
250,Android Phone,N,1535
257,Android Phone,N,1646
263,Android Phone,N,1217
265,Android Phone,N,1405
272,Android Phone,N,
279,Android Phone,N,1723
285,Android Phone,N,1644
288,Android Phone,N,1565
290,Android Phone,N,1605
291,Android Phone,N,1169
310,Android Phone,N,2168
312,Android Phone,N,1515
317,Android Phone,N,1111
318,Android Phone,N,1198
322,Android Phone,N,1672
326,Android Phone,N,1333
333,Android Phone,N,1466
335,Android Phone,N,1108
336,Android Phone,N,1822
337,Android Phone,N,1457
339,Android Phone,N,177
341,Android Phone,N,1214
346,Android Phone,N,1809
350,Android Phone,N,1129
351,Android Phone,N,1548
358,Android Phone,N,990
360,Android Phone,N,1707
363,Android Phone,N,1277
365,Android Phone,N,1598
370,Android Phone,N,2083
372,Android Phone,N,1897
377,Android Phone,N,1872
383,Android Phone,N,1614
389,Android Phone,N,493
391,Android Phone,N,1587
392,Android Phone,N,1715
394,Android Phone,N,1586
398,Android Phone,N,1548
405,Android Phone,N,1555
414,Android Phone,N,1465
418,Android Phone,N,1533
426,Android Phone,N,1780
428,Android Phone,N,1626
439,Android Phone,N,1625
456,Android Phone,N,1874
460,Android Phone,N,1565
464,Android Phone,N,1826
466,Android Phone,N,1830
467,Android Phone,N,1133
470,Android Phone,N,1546
472,Android Phone,N,1791
473,Android Phone,N,1333
475,Android Phone,N,2174
478,Android Phone,N,1570
491,Android Phone,N,1893
492,Android Phone,N,1368
493,Android Phone,N,1497
500,Android Phone,N,1382
506,Android Phone,N,1257
513,Android Phone,N,1634
520,Android Phone,N,1737
523,Android Phone,N,1014
526,Android Phone,N,1698
529,Android Phone,N,1106
541,Android Phone,N,1765
550,Android Phone,N,363
552,Android Phone,N,1536
561,Android Phone,N,1456
564,Android Phone,N,1202
572,Android Phone,N,1602
573,Android Phone,N,1581
580,Android Phone,N,1436
587,Android Phone,N,1229
591,Android Phone,N,1215
592,Android Phone,N,1280
593,Android Phone,N,1823
596,Android Phone,N,1719
604,Android Phone,N,2183
606,Android Phone,N,417
616,Android Phone,N,1141
622,Android Phone,N,1596
626,Android Phone,N,1099
629,Android Phone,N,1551
633,Android Phone,N,1636
639,Android Phone,N,1960
645,Android Phone,N,1595
648,Android Phone,N,1596
652,Android Phone,N,1801
681,Android Phone,N,1385
690,Android Phone,N,1991
692,Android Phone,N,1733
694,Android Phone,N,1341
702,Android Phone,N,1562
713,Android Phone,N,1442
719,Android Phone,N,1768
733,Android Phone,N,1733
737,Android Phone,N,1674
746,Android Phone,N,1803
750,Android Phone,N,1604
759,Android Phone,N,1570
761,Android Phone,N,1322
773,Android Phone,N,1823
775,Android Phone,N,1694
777,Android Phone,N,1778
779,Android Phone,N,1208
782,Android Phone,N,1588
785,Android Phone,N,$null$
793,Android Phone,N,1652
797,Android Phone,N,1402
803,Android Phone,N,1777
810,Android Phone,N,1538
814,Android Phone,N,1350
822,Android Phone,N,1859
827,Android Phone,N,1591
830,Android Phone,N,1769
838,Android Phone,N,1740
848,Android Phone,N,1126
853,Android Phone,N,1219
861,Android Phone,N,1574
863,Android Phone,N,1133
865,Android Phone,N,1771
873,Android Phone,N,1688
875,Android Phone,N,1155
878,Android Phone,N,1406
896,Android Phone,N,1712
910,Android Phone,N,1574
913,Android Phone,N,1623
916,Android Phone,N,1271
920,Android Phone,N,1638
931,Android Phone,N,1262
939,Android Phone,N,1772
941,Android Phone,N,1547
943,Android Phone,N,1176
957,Android Phone,N,1386
958,Android Phone,N,2140
970,Android Phone,N,1797
972,Android Phone,N,1640
976,Android Phone,N,1409
982,Android Phone,N,1091
984,Android Phone,N,1113
990,Android Phone,N,1238
991,Android Phone,N,1578
993,Android Phone,N,1642
1000,Android Phone,N,1888
1004,Android Phone,N,1726
1007,Android Phone,N,1174
1009,Android Phone,N,1246
1010,Android Phone,N,1215
1011,Android Phone,N,1742
1025,Android Phone,N,1750
1030,Android Phone,N,1921
1038,Android Phone,N,1281
1048,Android Phone,N,1422
1053,Android Phone,N,1740
1059,Android Phone,N,1800
1060,Android Phone,N,1977
1061,Android Phone,N,1026
1062,Android Phone,N,1699
1076,Android Phone,N,1542
1086,Android Phone,N,1588
1087,Android Phone,N,1737
1095,Android Phone,N,1398
1099,Android Phone,N,1858
1114,Android Phone,N,1468
1128,Android Phone,N,1367
1135,Android Phone,N,1381
1138,Android Phone,N,1801
1145,Android Phone,N,1212
1148,Android Phone,N,1839
1164,Android Phone,N,1107
1190,Android Phone,N,1282
1193,Android Phone,N,1468
1202,Android Phone,N,1312
1204,Android Phone,N,1677
1214,Android Phone,N,1411
1215,Android Phone,N,1462
1219,Android Phone,N,1231
1225,Android Phone,N,1507
1226,Android Phone,N,2232
1227,Android Phone,N,1348
1229,Android Phone,N,2060
1237,Android Phone,N,1627
1249,Android Phone,N,1253
1258,Android Phone,N,1529
1262,Android Phone,N,1849
1263,Android Phone,N,1862
1264,Android Phone,N,366
1265,Android Phone,N,1020
1273,Android Phone,N,1516
1274,Android Phone,N,1034
1275,Android Phone,N,260
1276,Android Phone,N,1585
1278,Android Phone,N,1036
1279,Android Phone,N,2191
1283,Android Phone,N,1584
1286,Android Phone,N,1708
1287,Android Phone,N,2059
1288,Android Phone,N,1368
1289,Android Phone,N,649
1303,Android Phone,N,1644
1306,Android Phone,N,1610
1308,Android Phone,N,2497
1312,Android Phone,N,1163
1315,Android Phone,N,1273
1319,Android Phone,N,1067
1322,Android Phone,N,1310
1323,Android Phone,N,1086
1326,Android Phone,N,1189
1331,Android Phone,N,1569
1333,Android Phone,N,1788
1335,Android Phone,N,1065
1337,Android Phone,N,2175
1352,Android Phone,N,1772
1353,Android Phone,N,1229
1355,Android Phone,N,1468
1359,Android Phone,N,2481
1360,Android Phone,N,1236
1361,Android Phone,N,1061
1362,Android Phone,N,1653
1367,Android Phone,N,2296
1369,Android Phone,N,1346
1377,Android Phone,N,1084
1378,Android Phone,N,1633
1394,Android Phone,N,1203
1399,Android Phone,N,1617
1401,Android Phone,N,1063
1406,Android Phone,N,1585
1412,Android Phone,N,1107
1413,Android Phone,N,1566
1425,Android Phone,N,1741
1428,Android Phone,N,1713
1443,Android Phone,N,1835
1446,Android Phone,N,2699
1451,Android Phone,N,2640
1455,Android Phone,N,1856
1460,Android Phone,N,1154
1462,Android Phone,N,1921
1464,Android Phone,N,1512
1467,Android Phone,N,2152
1470,Android Phone,N,2174
1474,Android Phone,N,1405
1488,Android Phone,N,661
1489,Android Phone,N,687
1490,Android Phone,N,1524
1492,Android Phone,N,2224
1498,Android Phone,N,1878
1499,Android Phone,N,1237
1500,Android Phone,N,1713
1505,Android Phone,N,1388
1512,Android Phone,N,1714
1515,Android Phone,N,1898
1519,Android Phone,N,1508
1533,Android Phone,N,1111
1534,Android Phone,N,1393
1542,Android Phone,N,1785
1550,Android Phone,N,1103
1554,Android Phone,N,1676
1557,Android Phone,N,1556
1558,Android Phone,N,1911
1559,Android Phone,N,1463
1560,Android Phone,N,460
1573,Android Phone,N,2467
1581,Android Phone,N,1623
1584,Android Phone,N,1821
1588,Android Phone,N,1770
1590,Android Phone,N,1540
1591,Android Phone,N,1681
1607,Android Phone,N,1549
1609,Android Phone,N,1367
1615,Android Phone,N,1593
1616,Android Phone,N,1080
1617,Android Phone,N,1011
1622,Android Phone,N,1807
1639,Android Phone,N,1024
1645,Android Phone,N,2291
1647,Android Phone,N,1354
1650,Android Phone,N,1537
1653,Android Phone,N,1709
1663,Android Phone,N,1536
1669,Android Phone,N,1842
1674,Android Phone,N,1643
1675,Android Phone,N,1661
1676,Android Phone,N,1624
1690,Android Phone,N,1727
1710,Android Phone,N,1577
1726,Android Phone,N,1321
1734,Android Phone,N,1125
1739,Android Phone,N,1542
1742,Android Phone,N,1195
1745,Android Phone,N,2032
1754,Android Phone,N,1819
1756,Android Phone,N,2427
1769,Android Phone,N,1170
1770,Android Phone,N,2113
1772,Android Phone,N,2451
1773,Android Phone,N,1208
1775,Android Phone,N,1894
1776,Android Phone,N,2159
1777,Android Phone,N,1767
1779,Android Phone,N,945
1780,Android Phone,N,1208
1802,Android Phone,N,2255
1806,Android Phone,N,2125
1808,Android Phone,N,1356
1809,Android Phone,N,1808
1820,Android Phone,N,1506
1834,Android Phone,N,1760
1838,Android Phone,N,1590
1841,Android Phone,N,1147
1842,Android Phone,N,1362
1844,Android Phone,N,2329
1848,Android Phone,N,2149
1853,Android Phone,N,2613
1854,Android Phone,N,1547
1858,Android Phone,N,1628
1862,Android Phone,N,1417
1865,Android Phone,N,1637
1867,Android Phone,N,1365
1871,Android Phone,N,344
1873,Android Phone,N,1289
1875,Android Phone,N,1529
1882,Android Phone,N,1429
1896,Android Phone,N,1885
1902,Android Phone,N,1576
1908,Android Phone,N,1298
1911,Android Phone,N,2560
1918,Android Phone,N,1893
1922,Android Phone,N,1819
1924,Android Phone,N,1503
1940,Android Phone,N,1669
1943,Android Phone,N,1578
1944,Android Phone,N,1746
1950,Android Phone,N,1540
1957,Android Phone,N,1686
1959,Android Phone,N,1821
1960,Android Phone,N,2040
1965,Android Phone,N,1554
1974,Android Phone,N,1353
1978,Android Phone,N,1099
1996,Android Phone,N,1876
1997,Android Phone,N,1613
2000,Android Phone,N,1730
2001,Android Phone,N,2368
2003,Android Phone,N,909
2005,Android Phone,N,2162
2006,Android Phone,N,1212
2012,Android Phone,N,1395
2017,Android Phone,N,1322
2020,Android Phone,N,1236
2028,Android Phone,N,1836
2031,Android Phone,N,602
2035,Android Phone,N,1306
2041,Android Phone,Y,1305
2045,Android Phone,Y,1535
2050,Android Phone,Y,1234
2060,Android Phone,N,2090
2063,Android Phone,N,1437
2078,Android Phone,N,1926
2083,Android Phone,Y,1436
2085,Android Phone,N,2571
2087,Android Phone,N,1957
2090,Android Phone,Y,1454
2094,Android Phone,Y,1080
2106,Android Phone,Y,1559
2109,Android Phone,N,1043
2119,Android Phone,N,1806
2122,Android Phone,N,1487
2124,Android Phone,Y,1537
2131,Android Phone,Y,1105
2136,Android Phone,Y,1895
2141,Android Phone,N,1564
2144,Android Phone,Y,1792
2145,Android Phone,N,1997
2147,Android Phone,Y,1237
2148,Android Phone,N,1715
2150,Android Phone,Y,1442
2153,Android Phone,Y,1423
2154,Android Phone,Y,1377
2165,Android Phone,Y,1520
2167,Android Phone,N,2435
2169,Android Phone,N,2431
2173,Android Phone,Y,1388
2174,Android Phone,Y,1595
2175,Android Phone,Y,1784
2182,Android Phone,N,2243
2185,Android Phone,N,1842
2195,Android Phone,Y,1779
2198,Android Phone,Y,1713
2201,Android Phone,N,1859
2202,Android Phone,Y,1808
2204,Android Phone,Y,1408
2211,Android Phone,N,1584
2218,Android Phone,Y,1658
2220,Android Phone,N,2540
2232,Android Phone,Y,1131
2234,Android Phone,N,2194
2236,Android Phone,N,1511
2238,Android Phone,N,2057
2239,Android Phone,N,2120
2256,Android Phone,N,1359
2258,Android Phone,N,1369
2262,Android Phone,Y,1784
2267,Android Phone,Y,1464
2270,Android Phone,N,438
2275,Android Phone,N,2230
2276,Android Phone,N,1476
2277,Android Phone,Y,1309
2279,Android Phone,Y,1239
2281,Android Phone,N,2422
2286,Android Phone,Y,1342
2294,Android Phone,Y,1153
2300,Android Phone,Y,1210
2301,Android Phone,Y,1384
2312,Android Phone,Y,1419
2322,Android Phone,N,2457
2329,Android Phone,N,1810
2334,Android Phone,Y,1265
2337,Android Phone,N,1604
2338,Android Phone,Y,1188
2341,Android Phone,Y,1717
2354,Android Phone,N,2488
2373,Android Phone,N,1775
2377,Android Phone,Y,1587
2386,Android Phone,Y,1532
2388,Android Phone,Y,1061
2400,Android Phone,Y,1390
2405,Android Phone,Y,1598
2409,Android Phone,Y,1126
2410,Android Phone,N,788
2413,Android Phone,Y,1588
2414,Android Phone,N,2400
2416,Android Phone,Y,1212
2422,Android Phone,Y,1590
2423,Android Phone,N,1281
2429,Android Phone,Y,1015
2436,Android Phone,Y,1248
2438,Android Phone,N,2266
2442,Android Phone,Y,1237
2444,Android Phone,Y,1550
2451,Android Phone,Y,1561
2452,Android Phone,N,2517
2455,Android Phone,N,1841
2460,Android Phone,N,1646
2485,Android Phone,N,1502
2487,Android Phone,Y,1578
2489,Android Phone,N,2544
2491,Android Phone,N,1764
2492,Android Phone,Y,1621
2529,Android Phone,N,2124
2531,Android Phone,Y,1700
2544,Android Phone,N,2308
2548,Android Phone,Y,1481
2559,Android Phone,Y,1493
2560,Android Phone,N,1260
2575,Android Phone,N,2188
2576,Android Phone,N,1792
2577,Android Phone,N,1550
2584,Android Phone,N,1097
2586,Android Phone,N,1590
2595,Android Phone,Y,1864
2599,Android Phone,N,808
2602,Android Phone,Y,1101
2607,Android Phone,Y,1415
2609,Android Phone,N,2203
2610,Android Phone,Y,1685
2617,Android Phone,Y,1036
2620,Android Phone,N,1571
2622,Android Phone,N,2308
2624,Android Phone,Y,1366
2627,Android Phone,Y,1111
2647,Android Phone,Y,1302
2654,Android Phone,N,1950
2660,Android Phone,Y,1309
2662,Android Phone,Y,1439
2663,Android Phone,Y,1274
2672,Android Phone,Y,1606
2673,Android Phone,N,1042
2675,Android Phone,N,824
2695,Android Phone,N,1445
2711,Android Phone,Y,1695
2714,Android Phone,N,1557
2715,Android Phone,Y,1730
2720,Android Phone,N,1338
2729,Android Phone,Y,1900
2736,Android Phone,Y,1749
2743,Android Phone,N,1749
2745,Android Phone,N,1172
2756,Android Phone,N,2559
2760,Android Phone,Y,1223
2771,Android Phone,N,1639
2772,Android Phone,Y,1615
2792,Android Phone,Y,1376
2795,Android Phone,N,1385
2800,Android Phone,Y,1429
2802,Android Phone,Y,1070
2803,Android Phone,Y,1308
2807,Android Phone,Y,1227
2814,Android Phone,Y,1250
2818,Android Phone,N,1926
2819,Android Phone,N,2635
2821,Android Phone,N,904
2825,Android Phone,Y,1440
2827,Android Phone,N,1543
2845,Android Phone,Y,1274
2848,Android Phone,N,1594
2852,Android Phone,Y,1779
2858,Android Phone,N,2357
2859,Android Phone,N,1946
2860,Android Phone,Y,1054
2861,Android Phone,Y,1311
2862,Android Phone,N,2490
2863,Android Phone,N,1893
2870,Android Phone,Y,1244
2886,Android Phone,N,1723
2891,Android Phone,Y,1701
2899,Android Phone,N,599
2908,Android Phone,Y,1367
2925,Android Phone,N,1995
2926,Android Phone,N,1891
2928,Android Phone,Y,1844
2932,Android Phone,Y,1349
2939,Android Phone,Y,1698
2942,Android Phone,N,2170
2946,Android Phone,N,2635
2951,Android Phone,Y,1460
2965,Android Phone,N,2542
2982,Android Phone,Y,1554
2984,Android Phone,N,1322
2992,Android Phone,N,1883
2993,Android Phone,Y,1761
2997,Android Phone,N,2154
2998,Android Phone,N,1892
3002,Android Phone,N,2521
3009,Android Phone,Y,1359
3010,Android Phone,N,884
3011,Android Phone,N,2483
3012,Android Phone,Y,1609
3016,Android Phone,N,2349
3037,Android Phone,N,166
3050,Android Phone,Y,1782
3053,Android Phone,Y,1806
3054,Android Phone,N,1362
3056,Android Phone,Y,1311
3057,Android Phone,Y,1086
3062,Android Phone,Y,1609
3066,Android Phone,N,187
3067,Android Phone,Y,1340
3068,Android Phone,Y,1376
3071,Android Phone,Y,1045
3078,Android Phone,Y,1344
3081,Android Phone,Y,1578
3085,Android Phone,N,1880
3094,Android Phone,N,1536
3099,Android Phone,N,1920
3103,Android Phone,Y,1622
3104,Android Phone,Y,1375
3111,Android Phone,Y,1582
3138,Android Phone,Y,1603
3144,Android Phone,Y,1027
3152,Android Phone,Y,1030
3157,Android Phone,Y,1618
3162,Android Phone,Y,1523
3168,Android Phone,Y,1365
3171,Android Phone,Y,1265
3172,Android Phone,Y,1671
3176,Android Phone,Y,1547
3186,Android Phone,Y,1030
3188,Android Phone,N,2167
3189,Android Phone,Y,1429
3194,Android Phone,Y,1486
3196,Android Phone,Y,1824
3212,Android Phone,N,1436
3216,Android Phone,Y,1747
3219,Android Phone,Y,1698
3222,Android Phone,N,1798
3226,Android Phone,Y,1818
3228,Android Phone,N,1322
3232,Android Phone,N,1785
3236,Android Phone,N,1513
3241,Android Phone,Y,1775
3242,Android Phone,N,2029
3254,Android Phone,Y,1126
3259,Android Phone,N,2143
3272,Android Phone,Y,1513
3282,Android Phone,N,2596
3283,Android Phone,Y,1732
3288,Android Phone,Y,1233
3297,Android Phone,Y,1881
3298,Android Phone,Y,1334
3306,Android Phone,Y,1693
3307,Android Phone,Y,1093
3317,Android Phone,Y,1164
3322,Android Phone,Y,1833
3328,Android Phone,N,2197
3333,Android Phone,Y,1302
3336,Android Phone,N,1377
3338,Android Phone,N,1769
3343,Android Phone,N,2406
3348,Android Phone,Y,1317
3352,Android Phone,N,739
3359,Android Phone,Y,1181
3362,Android Phone,Y,1869
3387,Android Phone,N,1013
3388,Android Phone,Y,1302
3389,Android Phone,Y,1321
3397,Android Phone,Y,1559
3406,Android Phone,Y,1683
3409,Android Phone,N,2259
3410,Android Phone,Y,1247
3414,Android Phone,Y,1246
3416,Android Phone,Y,1610
3418,Android Phone,Y,1452
3424,Android Phone,N,942
3440,Android Phone,Y,1876
3441,Android Phone,N,681
3451,Android Phone,Y,1239
3460,Android Phone,Y,1726
3466,Android Phone,N,1591
3467,Android Phone,Y,1537
3469,Android Phone,Y,1538
3470,Android Phone,Y,1851
3476,Android Phone,N,1432
3650,Android Phone,N,1234
3654,Android Phone,N,1984
3656,Android Phone,Y,1345
3660,Android Phone,Y,1819
3663,Android Phone,N,1986
3673,Android Phone,N,2556
3675,Android Phone,N,2512
3676,Android Phone,Y,1615
3677,Android Phone,Y,1769
3678,Android Phone,Y,1577
3680,Android Phone,Y,1723
3681,Android Phone,Y,1638
3682,Android Phone,Y,1802
3684,Android Phone,Y,1400
3685,Android Phone,Y,1419
3699,Android Phone,Y,1825
3701,Android Phone,Y,1554
3702,Android Phone,N,1628
3703,Android Phone,N,1180
3708,Android Phone,Y,1269
3709,Android Phone,N,1344
3711,Android Phone,Y,1517
3712,Android Phone,N,1972
3716,Android Phone,Y,1018
3717,Android Phone,N,1639
3719,Android Phone,N,1881
3720,Android Phone,N,489
3721,Android Phone,Y,1224
3724,Android Phone,Y,1604
3728,Android Phone,Y,1462
3729,Android Phone,N,2291
3731,Android Phone,Y,1705
3732,Android Phone,N,1876
3741,Android Phone,N,1852
3742,Android Phone,Y,1092
3756,Android Phone,N,879
3760,Android Phone,Y,1557
3766,Android Phone,Y,1785
3768,Android Phone,Y,1792
3783,Android Phone,N,1679
3786,Android Phone,Y,1229
3789,Android Phone,Y,1446
3791,Android Phone,N,1979
3796,Android Phone,Y,1353
3799,Android Phone,Y,1332
3800,Android Phone,Y,1124
3821,Android Phone,Y,1279
3823,Android Phone,Y,1511
3824,Android Phone,N,1207
3825,Android Phone,Y,1322
1,Dual SIM,Y,2466
14,Dual SIM,Y,1627
17,Dual SIM,Y,2289
22,Dual SIM,Y,1347
35,Dual SIM,Y,1173
36,Dual SIM,Y,896
54,Dual SIM,Y,1625
62,Dual SIM,N,1579
63,Dual SIM,Y,1662
71,Dual SIM,N,1749
90,Dual SIM,N,2379
96,Dual SIM,Y,1870
117,Dual SIM,Y,1598
139,Dual SIM,N,1644
142,Dual SIM,N,1842
161,Dual SIM,Y,1502
180,Dual SIM,Y,1158
181,Dual SIM,Y,2686
182,Dual SIM,N,126
192,Dual SIM,Y,1576
194,Dual SIM,Y,1751
195,Dual SIM,Y,1457
201,Dual SIM,Y,1286
218,Dual SIM,N,1110
220,Dual SIM,N,1699
224,Dual SIM,N,1560
228,Dual SIM,Y,1381
233,Dual SIM,Y,622
236,Dual SIM,Y,1583
239,Dual SIM,N,1455
240,Dual SIM,N,1333
247,Dual SIM,N,1215
276,Dual SIM,N,1751
284,Dual SIM,Y,1099
298,Dual SIM,Y,1039
313,Dual SIM,N,1518
379,Dual SIM,N,1845
382,Dual SIM,N,1561
384,Dual SIM,Y,1807
407,Dual SIM,Y,1775
410,Dual SIM,Y,1535
421,Dual SIM,Y,2178
422,Dual SIM,Y,609
423,Dual SIM,Y,1841
424,Dual SIM,Y,2552
442,Dual SIM,N,1853
443,Dual SIM,Y,2538
461,Dual SIM,Y,1763
463,Dual SIM,Y,1586
465,Dual SIM,N,1314
469,Dual SIM,Y,1249
474,Dual SIM,Y,1714
477,Dual SIM,Y,1212
479,Dual SIM,N,212
497,Dual SIM,Y,1345
565,Dual SIM,Y,1669
574,Dual SIM,Y,1819
577,Dual SIM,Y,1596
595,Dual SIM,Y,1646
599,Dual SIM,Y,1521
650,Dual SIM,N,1698
666,Dual SIM,Y,1475
678,Dual SIM,N,1667
714,Dual SIM,Y,1238
715,Dual SIM,N,2180
717,Dual SIM,Y,1710
725,Dual SIM,N,1897
741,Dual SIM,N,1043
745,Dual SIM,N,2511
754,Dual SIM,Y,886
755,Dual SIM,Y,1533
756,Dual SIM,Y,1357
758,Dual SIM,Y,1567
762,Dual SIM,Y,1756
766,Dual SIM,Y,1736
769,Dual SIM,Y,1886
771,Dual SIM,Y,1567
791,Dual SIM,N,2240
800,Dual SIM,N,1376
817,Dual SIM,N,1945
829,Dual SIM,N,1664
832,Dual SIM,N,1384
866,Dual SIM,N,1551
872,Dual SIM,Y,2435
887,Dual SIM,Y,1015
891,Dual SIM,Y,1732
898,Dual SIM,Y,1241
926,Dual SIM,N,1814
934,Dual SIM,Y,2626
951,Dual SIM,N,1632
955,Dual SIM,Y,2432
956,Dual SIM,Y,2270
962,Dual SIM,Y,2313
967,Dual SIM,N,2215
979,Dual SIM,N,1941
981,Dual SIM,N,1305
1005,Dual SIM,Y,1042
1018,Dual SIM,Y,1258
1022,Dual SIM,Y,1205
1023,Dual SIM,Y,1487
1035,Dual SIM,Y,1594
1042,Dual SIM,N,2080
1084,Dual SIM,N,1843
1105,Dual SIM,N,1098
1108,Dual SIM,N,1763
1111,Dual SIM,N,875
1134,Dual SIM,Y,1102
1144,Dual SIM,Y,1610
1159,Dual SIM,Y,1706
1162,Dual SIM,N,1684
1163,Dual SIM,N,1672
1182,Dual SIM,N,454
1222,Dual SIM,Y,1627
1239,Dual SIM,Y,1977
1243,Dual SIM,Y,2161
1252,Dual SIM,Y,1722
1256,Dual SIM,N,1315
1261,Dual SIM,N,347
1270,Dual SIM,Y,1572
1309,Dual SIM,Y,1188
1310,Dual SIM,Y,1013
1311,Dual SIM,N,1581
1313,Dual SIM,N,1142
1314,Dual SIM,N,1382
1316,Dual SIM,Y,1761
1318,Dual SIM,Y,1315
1324,Dual SIM,N,1342
1325,Dual SIM,N,1389
1327,Dual SIM,N,1535
1329,Dual SIM,N,1736
1336,Dual SIM,Y,2531
1342,Dual SIM,Y,1540
1344,Dual SIM,Y,1685
1346,Dual SIM,Y,1076
1350,Dual SIM,Y,1104
1357,Dual SIM,Y,2222
1365,Dual SIM,Y,2321
1370,Dual SIM,N,1146
1375,Dual SIM,N,1685
1422,Dual SIM,N,1650
1429,Dual SIM,N,1229
1442,Dual SIM,N,1567
1445,Dual SIM,Y,1858
1463,Dual SIM,Y,2203
1482,Dual SIM,Y,1807
1484,Dual SIM,Y,1652
1485,Dual SIM,Y,1660
1486,Dual SIM,Y,1359
1494,Dual SIM,Y,1348
1495,Dual SIM,Y,1221
1497,Dual SIM,Y,1230
1502,Dual SIM,N,1538
1532,Dual SIM,N,1161
1537,Dual SIM,N,1259
1539,Dual SIM,Y,1138
1545,Dual SIM,Y,495
1565,Dual SIM,Y,1440
1576,Dual SIM,Y,1140
1611,Dual SIM,Y,1557
1619,Dual SIM,N,1267
1620,Dual SIM,N,269
1628,Dual SIM,N,1382
1631,Dual SIM,N,2078
1677,Dual SIM,N,1216
1680,Dual SIM,Y,1338
1694,Dual SIM,Y,2492
1716,Dual SIM,Y,1398
1758,Dual SIM,Y,2069
1768,Dual SIM,Y,1043
1774,Dual SIM,Y,1678
1788,Dual SIM,N,1385
1816,Dual SIM,Y,1819
1822,Dual SIM,Y,1228
1840,Dual SIM,N,1214
1886,Dual SIM,N,1375
1891,Dual SIM,N,1345
1892,Dual SIM,Y,1574
1906,Dual SIM,Y,1176
1972,Dual SIM,Y,1584
1975,Dual SIM,Y,1946
1976,Dual SIM,Y,1942
1982,Dual SIM,N,2241
1986,Dual SIM,N,2634
2007,Dual SIM,N,1173
2009,Dual SIM,Y,1829
2010,Dual SIM,Y,1356
2046,Dual SIM,Y,1270
2061,Dual SIM,Y,2044
2062,Dual SIM,N,2297
2146,Dual SIM,Y,1213
2155,Dual SIM,N,470
2158,Dual SIM,Y,1514
2207,Dual SIM,N,1420
2217,Dual SIM,N,2314
2223,Dual SIM,Y,1532
2230,Dual SIM,N,1581
2251,Dual SIM,Y,1533
2260,Dual SIM,N,1400
2264,Dual SIM,Y,1100
2274,Dual SIM,N,1852
2280,Dual SIM,Y,1570
2317,Dual SIM,N,1706
2351,Dual SIM,N,1892
2372,Dual SIM,N,1890
2378,Dual SIM,Y,1520
2420,Dual SIM,Y,1215
2437,Dual SIM,N,1858
2457,Dual SIM,Y,2376
2464,Dual SIM,Y,1831
2471,Dual SIM,Y,1715
2484,Dual SIM,N,1537
2506,Dual SIM,Y,1758
2507,Dual SIM,N,
2508,Dual SIM,Y,2362
2512,Dual SIM,N,1940
2527,Dual SIM,Y,1696
2536,Dual SIM,Y,1464
2543,Dual SIM,Y,1739
2569,Dual SIM,Y,1361
2574,Dual SIM,Y,1894
2597,Dual SIM,Y,1668
2604,Dual SIM,Y,1733
2612,Dual SIM,Y,1382
2621,Dual SIM,Y,1639
2623,Dual SIM,Y,1900
2649,Dual SIM,Y,1627
2657,Dual SIM,Y,1645
2687,Dual SIM,Y,1846
2698,Dual SIM,Y,1007
2699,Dual SIM,N,1859
2702,Dual SIM,Y,1881
2717,Dual SIM,Y,1542
2724,Dual SIM,N,1706
2731,Dual SIM,Y,1680
2748,Dual SIM,Y,1562
2753,Dual SIM,N,2459
2817,Dual SIM,Y,1875
2837,Dual SIM,N,2030
2851,Dual SIM,Y,2081
2854,Dual SIM,Y,1622
2864,Dual SIM,Y,1348
2871,Dual SIM,Y,1294
2879,Dual SIM,Y,1770
2913,Dual SIM,Y,1732
2937,Dual SIM,Y,1009
2945,Dual SIM,Y,2406
2959,Dual SIM,Y,1648
2962,Dual SIM,Y,1245
2963,Dual SIM,N,2605
2978,Dual SIM,N,1688
2979,Dual SIM,Y,1622
3000,Dual SIM,Y,1557
3007,Dual SIM,N,1680
3063,Dual SIM,Y,1295
3115,Dual SIM,Y,1162
3123,Dual SIM,Y,1842
3143,Dual SIM,Y,1226
3153,Dual SIM,Y,1706
3180,Dual SIM,Y,1435
3190,Dual SIM,N,2478
3197,Dual SIM,Y,1718
3204,Dual SIM,Y,1728
3207,Dual SIM,Y,1023
3209,Dual SIM,N,1778
3223,Dual SIM,Y,1701
3281,Dual SIM,Y,2043
3285,Dual SIM,Y,1067
3295,Dual SIM,Y,1846
3303,Dual SIM,N,775
3308,Dual SIM,N,1304
3315,Dual SIM,Y,1378
3321,Dual SIM,Y,1590
3347,Dual SIM,Y,1888
3379,Dual SIM,Y,1737
3401,Dual SIM,Y,1876
3411,Dual SIM,Y,1307
3420,Dual SIM,Y,1577
3433,Dual SIM,Y,2123
3439,Dual SIM,Y,1716
3454,Dual SIM,Y,1557
3480,Dual SIM,N,1888
3481,Dual SIM,Y,1611
3522,Dual SIM,Y,1839
3523,Dual SIM,N,1612
3547,Dual SIM,Y,1115
3551,Dual SIM,N,157
3552,Dual SIM,Y,1322
3565,Dual SIM,Y,1152
3582,Dual SIM,Y,1834
3628,Dual SIM,Y,1246
3632,Dual SIM,Y,1359
3643,Dual SIM,Y,1267
3653,Dual SIM,Y,1872
3658,Dual SIM,Y,1404
3659,Dual SIM,Y,1350
3679,Dual SIM,N,1760
3690,Dual SIM,N,1747
3692,Dual SIM,N,1734
3697,Dual SIM,Y,1758
3698,Dual SIM,Y,2044
3718,Dual SIM,Y,1718
3723,Dual SIM,N,1529
3725,Dual SIM,Y,238
3739,Dual SIM,N,1874
3749,Dual SIM,Y,1631
3757,Dual SIM,Y,1240
3776,Dual SIM,Y,1520
3779,Dual SIM,N,295
3794,Dual SIM,Y,1849
3805,Dual SIM,Y,1141
65,Kids Tablet,Y,1308
75,Kids Tablet,Y,1290
78,Kids Tablet,N,1304
80,Kids Tablet,N,404
81,Kids Tablet,N,1830
88,Kids Tablet,N,224
94,Kids Tablet,N,1328
97,Kids Tablet,N,1123
108,Kids Tablet,N,515
111,Kids Tablet,N,1270
121,Kids Tablet,N,1943
124,Kids Tablet,N,1884
130,Kids Tablet,N,1535
138,Kids Tablet,N,1307
203,Kids Tablet,N,1581
209,Kids Tablet,N,111
231,Kids Tablet,N,1654
234,Kids Tablet,N,1549
242,Kids Tablet,N,1555
254,Kids Tablet,N,1533
255,Kids Tablet,N,2064
260,Kids Tablet,N,1767
261,Kids Tablet,N,1833
266,Kids Tablet,N,1042
267,Kids Tablet,N,1793
270,Kids Tablet,N,2337
283,Kids Tablet,N,1541
286,Kids Tablet,N,1279
289,Kids Tablet,N,1260
329,Kids Tablet,N,1002
331,Kids Tablet,N,2206
386,Kids Tablet,N,1520
388,Kids Tablet,N,1076
401,Kids Tablet,N,1299
427,Kids Tablet,N,
440,Kids Tablet,N,
455,Kids Tablet,N,1839
458,Kids Tablet,N,1520
468,Kids Tablet,N,1346
476,Kids Tablet,N,1544
494,Kids Tablet,N,1276
495,Kids Tablet,N,2296
498,Kids Tablet,N,1745
499,Kids Tablet,N,1044
530,Kids Tablet,N,1958
533,Kids Tablet,N,397
535,Kids Tablet,N,1518
536,Kids Tablet,N,1650
547,Kids Tablet,N,1756
548,Kids Tablet,N,1228
575,Kids Tablet,N,1704
583,Kids Tablet,N,1829
585,Kids Tablet,N,1731
586,Kids Tablet,N,1709
598,Kids Tablet,N,745
609,Kids Tablet,N,1797
620,Kids Tablet,N,2488
621,Kids Tablet,N,1405
632,Kids Tablet,N,1588
660,Kids Tablet,N,2026
670,Kids Tablet,N,1291
672,Kids Tablet,N,2667
673,Kids Tablet,N,1318
710,Kids Tablet,N,1385
740,Kids Tablet,N,1155
743,Kids Tablet,N,1230
744,Kids Tablet,N,1724
751,Kids Tablet,N,1593
752,Kids Tablet,N,1047
753,Kids Tablet,N,1396
792,Kids Tablet,N,1756
795,Kids Tablet,N,1433
796,Kids Tablet,N,1570
818,Kids Tablet,N,1430
820,Kids Tablet,N,1574
821,Kids Tablet,N,2390
824,Kids Tablet,N,2493
825,Kids Tablet,N,2246
845,Kids Tablet,N,1481
846,Kids Tablet,N,1838
847,Kids Tablet,N,1358
849,Kids Tablet,N,1645
867,Kids Tablet,N,163
868,Kids Tablet,N,1551
870,Kids Tablet,N,1769
882,Kids Tablet,N,1774
901,Kids Tablet,N,1124
904,Kids Tablet,N,1545
906,Kids Tablet,N,1665
938,Kids Tablet,N,1740
940,Kids Tablet,N,2582
948,Kids Tablet,N,2006
975,Kids Tablet,N,934
977,Kids Tablet,N,648
978,Kids Tablet,N,1283
989,Kids Tablet,N,1649
996,Kids Tablet,N,1567
1008,Kids Tablet,N,1839
1020,Kids Tablet,N,1152
1021,Kids Tablet,N,1320
1046,Kids Tablet,N,1966
1047,Kids Tablet,N,986
1066,Kids Tablet,N,1840
1079,Kids Tablet,N,1499
1085,Kids Tablet,N,1875
1089,Kids Tablet,N,1854
1112,Kids Tablet,N,1885
1113,Kids Tablet,N,1469
1127,Kids Tablet,N,1624
1141,Kids Tablet,N,1205
1151,Kids Tablet,N,2170
1171,Kids Tablet,N,1306
1172,Kids Tablet,N,1575
1206,Kids Tablet,N,1400
1216,Kids Tablet,N,1576
1242,Kids Tablet,N,1667
1244,Kids Tablet,N,1982
1245,Kids Tablet,N,2354
1253,Kids Tablet,N,1372
1255,Kids Tablet,N,680
1257,Kids Tablet,N,1706
1260,Kids Tablet,N,1360
1277,Kids Tablet,N,560
1280,Kids Tablet,N,1630
1281,Kids Tablet,N,2581
1290,Kids Tablet,N,1510
1291,Kids Tablet,N,2089
1292,Kids Tablet,N,1359
1294,Kids Tablet,N,1247
1297,Kids Tablet,N,1815
1298,Kids Tablet,N,
1302,Kids Tablet,N,1464
1304,Kids Tablet,N,2254
1328,Kids Tablet,N,1904
1330,Kids Tablet,N,648
1373,Kids Tablet,N,1860
1374,Kids Tablet,N,1685
1379,Kids Tablet,N,1865
1382,Kids Tablet,N,1738
1396,Kids Tablet,N,1503
1407,Kids Tablet,N,1874
1408,Kids Tablet,N,1807
1410,Kids Tablet,N,1722
1415,Kids Tablet,N,1341
1416,Kids Tablet,N,1329
1418,Kids Tablet,N,1631
1438,Kids Tablet,N,1621
1450,Kids Tablet,N,1687
1465,Kids Tablet,N,2374
1466,Kids Tablet,N,1924
1468,Kids Tablet,N,2277
1469,Kids Tablet,N,2223
1479,Kids Tablet,N,2544
1480,Kids Tablet,N,1519
1578,Kids Tablet,N,2262
1589,Kids Tablet,N,1886
1610,Kids Tablet,N,1897
1613,Kids Tablet,N,1811
1623,Kids Tablet,N,1590
1640,Kids Tablet,N,1750
1644,Kids Tablet,N,2115
1656,Kids Tablet,N,1271
1755,Kids Tablet,N,1897
1757,Kids Tablet,N,1934
1760,Kids Tablet,N,1604
1764,Kids Tablet,N,1507
1765,Kids Tablet,N,1136
1778,Kids Tablet,N,1170
1785,Kids Tablet,N,1754
1786,Kids Tablet,N,1842
1791,Kids Tablet,N,1900
1817,Kids Tablet,N,2027
1826,Kids Tablet,N,1090
1827,Kids Tablet,N,1253
1831,Kids Tablet,N,1192
1845,Kids Tablet,N,1213
1851,Kids Tablet,N,2224
1856,Kids Tablet,N,1882
1868,Kids Tablet,N,1019
1870,Kids Tablet,N,1320
1879,Kids Tablet,N,1511
1885,Kids Tablet,N,2135
1887,Kids Tablet,N,1842
2024,Kids Tablet,N,102
2027,Kids Tablet,N,1845
2029,Kids Tablet,N,1802
2032,Kids Tablet,N,1268
2034,Kids Tablet,N,1745
2044,Kids Tablet,Y,1256
2052,Kids Tablet,Y,1300
2057,Kids Tablet,Y,1848
2064,Kids Tablet,N,1189
2068,Kids Tablet,Y,1244
2071,Kids Tablet,N,1665
2102,Kids Tablet,N,2678
2104,Kids Tablet,N,1977
2117,Kids Tablet,Y,1567
2140,Kids Tablet,Y,1285
2149,Kids Tablet,Y,1581
2151,Kids Tablet,Y,1274
2159,Kids Tablet,Y,1894
2168,Kids Tablet,Y,1315
2205,Kids Tablet,Y,1649
2215,Kids Tablet,N,1830
2216,Kids Tablet,Y,1848
2221,Kids Tablet,N,1565
2254,Kids Tablet,Y,1767
2255,Kids Tablet,N,577
2290,Kids Tablet,Y,1048
2291,Kids Tablet,Y,1015
2304,Kids Tablet,Y,1883
2315,Kids Tablet,N,1813
2326,Kids Tablet,Y,1830
2327,Kids Tablet,Y,1326
2353,Kids Tablet,Y,1727
2356,Kids Tablet,N,1972
2359,Kids Tablet,Y,1600
2362,Kids Tablet,N,1427
2403,Kids Tablet,Y,1303
2404,Kids Tablet,N,2261
2417,Kids Tablet,N,1930
2419,Kids Tablet,Y,1320
2424,Kids Tablet,N,635
2431,Kids Tablet,Y,1605
2434,Kids Tablet,N,1915
2443,Kids Tablet,Y,1800
2445,Kids Tablet,Y,1834
2454,Kids Tablet,Y,1200
2458,Kids Tablet,Y,1885
2467,Kids Tablet,Y,1658
2470,Kids Tablet,N,1544
2494,Kids Tablet,N,2302
2499,Kids Tablet,N,1528
2501,Kids Tablet,Y,1302
2516,Kids Tablet,Y,1580
2517,Kids Tablet,N,2657
2520,Kids Tablet,Y,1567
2539,Kids Tablet,N,1388
2542,Kids Tablet,Y,1597
2545,Kids Tablet,Y,1730
2550,Kids Tablet,N,1832
2551,Kids Tablet,N,1226
2615,Kids Tablet,N,2024
2616,Kids Tablet,Y,1630
2618,Kids Tablet,N,1834
2619,Kids Tablet,Y,1618
2636,Kids Tablet,N,1627
2637,Kids Tablet,Y,1579
2644,Kids Tablet,Y,1093
2658,Kids Tablet,N,2300
2661,Kids Tablet,N,2116
2667,Kids Tablet,N,959
2668,Kids Tablet,Y,1308
2718,Kids Tablet,Y,1814
2730,Kids Tablet,N,2056
2735,Kids Tablet,N,1994
2750,Kids Tablet,N,667
2751,Kids Tablet,N,2656
2773,Kids Tablet,N,2088
2774,Kids Tablet,N,2526
2775,Kids Tablet,Y,1678
2780,Kids Tablet,Y,1464
2783,Kids Tablet,N,2086
2820,Kids Tablet,N,1610
2829,Kids Tablet,N,1655
2833,Kids Tablet,N,1827
2834,Kids Tablet,Y,1768
2850,Kids Tablet,N,1562
2853,Kids Tablet,Y,1506
2855,Kids Tablet,Y,1475
2856,Kids Tablet,Y,1270
2857,Kids Tablet,Y,1325
2865,Kids Tablet,N,817
2866,Kids Tablet,Y,1074
2924,Kids Tablet,Y,1289
2930,Kids Tablet,Y,1203
2931,Kids Tablet,Y,1435
2975,Kids Tablet,Y,1706
2981,Kids Tablet,Y,1347
2988,Kids Tablet,N,1744
3015,Kids Tablet,N,2311
3041,Kids Tablet,Y,1359
3047,Kids Tablet,N,1934
3051,Kids Tablet,N,1645
3058,Kids Tablet,N,1799
3059,Kids Tablet,N,616
3064,Kids Tablet,Y,1561
3077,Kids Tablet,Y,1225
3105,Kids Tablet,Y,1661
3106,Kids Tablet,N,2498
3108,Kids Tablet,N,1118
3114,Kids Tablet,N,1515
3118,Kids Tablet,Y,1641
3125,Kids Tablet,N,1793
3130,Kids Tablet,N,1970
3161,Kids Tablet,N,624
3165,Kids Tablet,N,2286
3166,Kids Tablet,Y,1258
3169,Kids Tablet,N,2483
3170,Kids Tablet,Y,1587
3175,Kids Tablet,Y,1117
3237,Kids Tablet,Y,1687
3239,Kids Tablet,N,2048
3244,Kids Tablet,Y,1593
3280,Kids Tablet,Y,1784
3291,Kids Tablet,N,937
3294,Kids Tablet,Y,1756
3300,Kids Tablet,Y,1447
3301,Kids Tablet,Y,1258
3302,Kids Tablet,N,1876
3310,Kids Tablet,N,699
3327,Kids Tablet,N,2588
3367,Kids Tablet,Y,1711
3369,Kids Tablet,N,2637
3374,Kids Tablet,N,1893
3382,Kids Tablet,Y,1674
3384,Kids Tablet,Y,1653
3415,Kids Tablet,Y,1335
3419,Kids Tablet,N,728
3423,Kids Tablet,Y,1443
3425,Kids Tablet,Y,1069
3434,Kids Tablet,N,2255
3438,Kids Tablet,Y,1260
3453,Kids Tablet,N,1888
3456,Kids Tablet,N,1771
3463,Kids Tablet,Y,1558
3483,Kids Tablet,Y,1627
3486,Kids Tablet,N,1938
3516,Kids Tablet,Y,1535
3524,Kids Tablet,Y,1859
3527,Kids Tablet,Y,1522
3532,Kids Tablet,Y,1238
3572,Kids Tablet,N,584
3573,Kids Tablet,N,1204
3587,Kids Tablet,N,2389
3596,Kids Tablet,N,536
3602,Kids Tablet,N,1029
3607,Kids Tablet,Y,1473
3611,Kids Tablet,Y,1818
3613,Kids Tablet,N,2018
3649,Kids Tablet,Y,1169
3655,Kids Tablet,Y,1300
3657,Kids Tablet,N,2432
3662,Kids Tablet,Y,1508
3687,Kids Tablet,N,1484
3688,Kids Tablet,Y,1345
3689,Kids Tablet,N,1488
3694,Kids Tablet,Y,1227
3695,Kids Tablet,Y,1132
3696,Kids Tablet,N,2036
3730,Kids Tablet,N,1874
3747,Kids Tablet,N,168
3752,Kids Tablet,N,2316
3771,Kids Tablet,Y,1880
3773,Kids Tablet,Y,1397
3782,Kids Tablet,Y,1667
3784,Kids Tablet,N,2631
3785,Kids Tablet,Y,1549
11,Large Display,Y,1849
40,Large Display,N,1720
48,Large Display,N,1370
85,Large Display,N,2125
87,Large Display,N,1591
114,Large Display,N,1623
120,Large Display,N,1896
158,Large Display,N,1911
160,Large Display,N,1472
213,Large Display,N,2344
225,Large Display,N,1093
243,Large Display,N,1259
246,Large Display,N,1415
249,Large Display,N,1896
280,Large Display,N,1878
281,Large Display,N,1600
304,Large Display,N,2371
305,Large Display,N,1367
306,Large Display,N,1864
308,Large Display,N,2434
309,Large Display,N,2460
315,Large Display,N,1881
320,Large Display,N,1164
332,Large Display,N,1253
334,Large Display,N,1333
343,Large Display,N,1128
349,Large Display,N,1749
355,Large Display,N,1556
361,Large Display,N,1215
375,Large Display,N,2121
408,Large Display,N,1826
419,Large Display,N,1801
441,Large Display,N,2286
445,Large Display,N,2043
446,Large Display,N,2275
450,Large Display,N,2360
481,Large Display,N,1746
484,Large Display,N,1887
488,Large Display,N,2172
504,Large Display,N,1074
508,Large Display,N,1362
509,Large Display,N,1117
510,Large Display,N,1350
518,Large Display,N,1909
549,Large Display,N,405
554,Large Display,N,2310
557,Large Display,N,1513
566,Large Display,N,1260
601,Large Display,N,1289
607,Large Display,N,1013
608,Large Display,N,1875
636,Large Display,N,2142
647,Large Display,N,1838
651,Large Display,N,1295
656,Large Display,N,1868
686,Large Display,N,1355
693,Large Display,N,1216
703,Large Display,N,1566
704,Large Display,N,1500
706,Large Display,N,1595
707,Large Display,N,1664
726,Large Display,N,2057
730,Large Display,N,1749
731,Large Display,N,1152
736,Large Display,N,1453
748,Large Display,N,1745
749,Large Display,N,2450
778,Large Display,N,2139
784,Large Display,N,2095
788,Large Display,N,1816
798,Large Display,N,1818
801,Large Display,N,1177
802,Large Display,N,1302
807,Large Display,N,1355
816,Large Display,N,1448
840,Large Display,N,1127
841,Large Display,N,1129
843,Large Display,N,1550
844,Large Display,N,2258
851,Large Display,N,2651
857,Large Display,N,1255
862,Large Display,N,1758
884,Large Display,N,2623
886,Large Display,N,1878
889,Large Display,N,2004
894,Large Display,N,1508
895,Large Display,N,1809
897,Large Display,N,1665
919,Large Display,N,1570
930,Large Display,N,1586
933,Large Display,N,2092
935,Large Display,N,1178
936,Large Display,N,1679
950,Large Display,N,1969
952,Large Display,N,365
953,Large Display,N,2440
954,Large Display,N,2441
968,Large Display,N,1514
973,Large Display,N,1573
974,Large Display,N,1570
980,Large Display,N,1046
983,Large Display,N,1736
986,Large Display,N,1303
988,Large Display,N,1721
1012,Large Display,N,1317
1016,Large Display,N,1513
1017,Large Display,N,1182
1032,Large Display,N,1799
1041,Large Display,N,1517
1045,Large Display,N,2611
1069,Large Display,N,2571
1072,Large Display,N,1713
1073,Large Display,N,1516
1078,Large Display,N,1850
1092,Large Display,N,1563
1097,Large Display,N,1634
1098,Large Display,N,1670
1101,Large Display,N,1556
1103,Large Display,N,1281
1104,Large Display,N,1278
1107,Large Display,N,1817
1110,Large Display,N,1572
1120,Large Display,N,1065
1157,Large Display,N,2330
1160,Large Display,N,1609
1166,Large Display,N,1536
1178,Large Display,N,1035
1185,Large Display,N,1947
1198,Large Display,N,1452
1205,Large Display,N,1885
1230,Large Display,N,1763
1231,Large Display,N,2069
1233,Large Display,N,1739
1238,Large Display,N,1697
1246,Large Display,N,1883
1248,Large Display,N,1524
1266,Large Display,N,1489
1267,Large Display,N,1181
1271,Large Display,N,1781
1282,Large Display,N,1597
1284,Large Display,N,1290
1285,Large Display,N,1450
1300,Large Display,N,2672
1301,Large Display,N,1363
1307,Large Display,N,1471
1317,Large Display,N,1259
1320,Large Display,N,1046
1321,Large Display,N,1224
1358,Large Display,N,1510
1363,Large Display,N,1114
1384,Large Display,N,1762
1387,Large Display,N,1884
1431,Large Display,N,1748
1432,Large Display,N,1383
1487,Large Display,N,1661
1491,Large Display,N,1355
1493,Large Display,N,1235
1496,Large Display,N,1642
1503,Large Display,N,1197
1508,Large Display,N,570
1516,Large Display,N,2666
1518,Large Display,N,1191
1521,Large Display,N,1086
1522,Large Display,N,1720
1523,Large Display,N,2277
1524,Large Display,N,1815
1529,Large Display,N,909
1530,Large Display,N,1279
1544,Large Display,N,2566
1547,Large Display,N,1696
1553,Large Display,N,2514
1572,Large Display,N,1892
1574,Large Display,N,1041
1596,Large Display,N,1238
1597,Large Display,N,1525
1598,Large Display,N,1999
1604,Large Display,N,1891
1625,Large Display,N,955
1626,Large Display,N,1897
1630,Large Display,N,1828
1657,Large Display,N,1705
1660,Large Display,N,1216
1672,Large Display,N,1617
1678,Large Display,N,615
1684,Large Display,N,1353
1696,Large Display,N,1558
1697,Large Display,N,1242
1702,Large Display,N,2139
1705,Large Display,N,2029
1714,Large Display,N,1321
1717,Large Display,N,1345
1727,Large Display,N,2570
1728,Large Display,N,2283
1731,Large Display,N,1574
1737,Large Display,N,1883
1743,Large Display,N,1544
1749,Large Display,N,1737
1782,Large Display,N,1416
1783,Large Display,N,1094
1796,Large Display,N,1240
1797,Large Display,N,1577
1812,Large Display,N,2406
1815,Large Display,N,283
1890,Large Display,N,1881
1894,Large Display,N,1631
1897,Large Display,N,1898
1899,Large Display,N,676
1910,Large Display,N,1579
1915,Large Display,N,1070
1919,Large Display,N,1866
1925,Large Display,N,1505
1927,Large Display,N,1435
1930,Large Display,N,1010
1934,Large Display,N,1819
1937,Large Display,N,1791
1941,Large Display,N,1875
1954,Large Display,N,1653
1958,Large Display,N,1509
1962,Large Display,N,1875
1963,Large Display,N,1702
1964,Large Display,N,2435
1980,Large Display,N,2285
1991,Large Display,N,1023
1992,Large Display,N,2591
1998,Large Display,N,1809
1999,Large Display,N,1315
2008,Large Display,N,1161
2011,Large Display,N,1763
2014,Large Display,N,2667
2030,Large Display,N,1836
2036,Large Display,N,1337
2040,Large Display,Y,1899
2042,Large Display,Y,1533
2056,Large Display,Y,1485
2082,Large Display,Y,1563
2084,Large Display,Y,1876
2097,Large Display,Y,1544
2098,Large Display,Y,1305
2101,Large Display,Y,1539
2123,Large Display,Y,1310
2132,Large Display,Y,1518
2134,Large Display,Y,1598
2135,Large Display,N,1994
2181,Large Display,Y,1898
2183,Large Display,Y,1026
2184,Large Display,N,2002
2186,Large Display,N,2280
2189,Large Display,Y,1384
2191,Large Display,N,2328
2222,Large Display,N,2466
2225,Large Display,N,1795
2233,Large Display,N,812
2240,Large Display,N,1767
2243,Large Display,N,2302
2252,Large Display,Y,1764
2253,Large Display,N,1788
2257,Large Display,N,1738
2259,Large Display,N,1088
2261,Large Display,N,1823
2273,Large Display,Y,1523
2282,Large Display,N,304
2289,Large Display,Y,1171
2305,Large Display,N,2292
2307,Large Display,N,208
2308,Large Display,N,2217
2328,Large Display,Y,1564
2331,Large Display,N,530
2342,Large Display,Y,1432
2347,Large Display,Y,1525
2352,Large Display,N,2440
2367,Large Display,Y,1484
2371,Large Display,Y,1876
2383,Large Display,N,1318
2392,Large Display,Y,1018
2401,Large Display,Y,1601
2427,Large Display,N,719
2428,Large Display,Y,1846
2473,Large Display,Y,1367
2474,Large Display,Y,1736
2480,Large Display,N,1542
2486,Large Display,Y,1612
2490,Large Display,N,1554
2502,Large Display,N,550
2503,Large Display,N,1750
2505,Large Display,N,1818
2526,Large Display,Y,1841
2530,Large Display,N,1968
2533,Large Display,Y,1053
2546,Large Display,Y,1275
2549,Large Display,Y,1005
2556,Large Display,Y,1252
2563,Large Display,Y,1118
2570,Large Display,Y,1812
2573,Large Display,N,2309
2581,Large Display,Y,1211
2591,Large Display,N,2190
2596,Large Display,Y,1376
2598,Large Display,N,2572
2600,Large Display,Y,1295
2601,Large Display,N,1105
2603,Large Display,Y,1501
2605,Large Display,Y,1224
2606,Large Display,Y,1083
2608,Large Display,Y,1226
2611,Large Display,N,2638
2613,Large Display,N,1468
2630,Large Display,N,2123
2632,Large Display,N,406
2635,Large Display,Y,1081
2645,Large Display,Y,1788
2648,Large Display,N,1842
2653,Large Display,Y,1514
2666,Large Display,Y,1461
2678,Large Display,N,2407
2680,Large Display,Y,1424
2681,Large Display,N,1996
2685,Large Display,Y,1577
2688,Large Display,Y,1676
2689,Large Display,Y,1685
2696,Large Display,N,2292
2701,Large Display,N,2541
2704,Large Display,N,2374
2708,Large Display,Y,1830
2728,Large Display,N,1561
2733,Large Display,N,2355
2734,Large Display,N,1615
2738,Large Display,N,2086
2746,Large Display,N,818
2747,Large Display,N,2231
2749,Large Display,N,2130
2752,Large Display,N,2290
2761,Large Display,N,2377
2764,Large Display,Y,1246
2770,Large Display,Y,1647
2787,Large Display,N,1611
2790,Large Display,Y,1102
2794,Large Display,N,2556
2798,Large Display,Y,1704
2799,Large Display,N,2236
2804,Large Display,N,2405
2838,Large Display,N,2015
2839,Large Display,N,2049
2840,Large Display,N,1114
2841,Large Display,N,235
2867,Large Display,Y,1471
2868,Large Display,Y,1577
2874,Large Display,Y,1528
2875,Large Display,Y,1277
2881,Large Display,N,2241
2894,Large Display,N,232
2896,Large Display,Y,1804
2900,Large Display,Y,1021
2901,Large Display,Y,1571
2909,Large Display,Y,1552
2911,Large Display,Y,1386
2912,Large Display,N,2059
2917,Large Display,Y,1061
2921,Large Display,Y,1848
2923,Large Display,Y,1018
2944,Large Display,Y,1458
2952,Large Display,Y,1609
2953,Large Display,Y,1777
2960,Large Display,N,2405
2966,Large Display,Y,1710
2968,Large Display,N,793
2972,Large Display,Y,1834
2994,Large Display,N,2220
2995,Large Display,Y,1783
2999,Large Display,N,1955
3013,Large Display,N,1140
3014,Large Display,N,1738
3017,Large Display,N,2125
3024,Large Display,Y,1281
3028,Large Display,Y,1471
3034,Large Display,Y,1707
3035,Large Display,N,1834
3036,Large Display,Y,1506
3039,Large Display,Y,1785
3082,Large Display,N,2449
3083,Large Display,N,2502
3084,Large Display,N,1487
3089,Large Display,Y,1382
3092,Large Display,N,1573
3119,Large Display,Y,1205
3135,Large Display,Y,1780
3140,Large Display,Y,1899
3145,Large Display,Y,1447
3155,Large Display,Y,1261
3158,Large Display,Y,1432
3177,Large Display,Y,1219
3179,Large Display,Y,1708
3183,Large Display,Y,1553
3195,Large Display,Y,1524
3206,Large Display,N,1701
3210,Large Display,Y,1688
3225,Large Display,Y,1482
3251,Large Display,N,1753
3261,Large Display,Y,1645
3268,Large Display,N,2147
3269,Large Display,Y,1193
3278,Large Display,Y,1662
3296,Large Display,N,2134
3311,Large Display,Y,1090
3312,Large Display,Y,1131
3349,Large Display,Y,1706
3350,Large Display,N,2503
3355,Large Display,Y,1353
3358,Large Display,N,681
3363,Large Display,Y,1591
3396,Large Display,Y,1350
3399,Large Display,Y,1108
3402,Large Display,Y,1256
3405,Large Display,N,436
3412,Large Display,Y,1451
3413,Large Display,N,2384
3427,Large Display,Y,1614
3430,Large Display,N,2398
3432,Large Display,Y,1372
3487,Large Display,N,1603
3488,Large Display,Y,1830
3503,Large Display,N,1453
3512,Large Display,N,2120
3513,Large Display,Y,1077
3544,Large Display,N,2374
3545,Large Display,Y,1298
3546,Large Display,N,2185
3550,Large Display,Y,1505
3555,Large Display,Y,1469
3556,Large Display,Y,1153
3571,Large Display,N,1767
3618,Large Display,N,1962
3626,Large Display,Y,1582
3631,Large Display,N,2324
3640,Large Display,Y,1010
3641,Large Display,Y,1576
3644,Large Display,N,1707
3664,Large Display,N,2081
3668,Large Display,Y,1728
3671,Large Display,Y,1348
3672,Large Display,N,1318
3683,Large Display,N,1306
3686,Large Display,Y,1815
3704,Large Display,Y,1853
3705,Large Display,Y,1021
3707,Large Display,Y,1254
3713,Large Display,Y,1510
3714,Large Display,N,1417
3715,Large Display,N,1505
3722,Large Display,Y,1114
3727,Large Display,Y,1427
3767,Large Display,N,1725
3769,Large Display,N,1990
3790,Large Display,N,2474
3795,Large Display,Y,1055
3798,Large Display,N,1450
3801,Large Display,Y,1100
3803,Large Display,N,1174
3806,Large Display,Y,1746
3808,Large Display,N,2576
3811,Large Display,Y,1615
3822,Large Display,N,2074
21,More Storage,N,1864
23,More Storage,N,1541
24,More Storage,N,1864
45,More Storage,N,1886
73,More Storage,N,1657
74,More Storage,N,1267
110,More Storage,N,611
127,More Storage,N,1653
295,More Storage,N,1528
302,More Storage,N,1525
431,More Storage,N,2116
438,More Storage,N,1811
471,More Storage,N,1114
589,More Storage,N,1241
734,More Storage,N,1514
772,More Storage,N,1278
834,More Storage,N,1073
850,More Storage,N,1401
855,More Storage,N,1083
858,More Storage,N,1566
987,More Storage,N,1719
1006,More Storage,N,1577
1116,More Storage,N,1775
1119,More Storage,N,1282
1268,More Storage,N,2103
1293,More Storage,N,1813
1332,More Storage,N,1719
1356,More Storage,N,1610
1385,More Storage,N,1343
1453,More Storage,N,2639
1767,More Storage,N,1311
1803,More Storage,N,2047
1821,More Storage,N,1571
1824,More Storage,N,1168
1825,More Storage,N,1525
1846,More Storage,N,1656
1849,More Storage,N,2054
1863,More Storage,N,1003
2363,More Storage,Y,1239
2366,More Storage,Y,1865
2504,More Storage,Y,1652
2509,More Storage,N,2104
2528,More Storage,Y,1720
2777,More Storage,Y,1172
2789,More Storage,Y,1638
3156,More Storage,N,2048
3167,More Storage,Y,1187
3174,More Storage,Y,1219
3279,More Storage,N,1591
3450,More Storage,N,2063
3485,More Storage,Y,1289
3495,More Storage,N,1783
3497,More Storage,N,1818
3498,More Storage,Y,1127
3505,More Storage,Y,1862
3508,More Storage,N,2494
3525,More Storage,N,1832
3526,More Storage,N,1949
3529,More Storage,Y,1182
3535,More Storage,N,1589
3538,More Storage,Y,1735
3539,More Storage,N,1621
3540,More Storage,N,2402
3541,More Storage,Y,1897
3542,More Storage,Y,1011
3554,More Storage,Y,1045
3559,More Storage,Y,1112
3566,More Storage,Y,1531
3569,More Storage,Y,1686
3570,More Storage,N,2554
3577,More Storage,Y,1284
3580,More Storage,N,1270
3591,More Storage,Y,1538
3592,More Storage,Y,1599
3593,More Storage,Y,1759
3594,More Storage,N,2567
3599,More Storage,Y,1368
3603,More Storage,Y,1132
3606,More Storage,Y,1798
3623,More Storage,Y,1767
3633,More Storage,Y,1518
3645,More Storage,Y,1719
3667,More Storage,N,1409
3674,More Storage,Y,1345
3700,More Storage,N,1719
3706,More Storage,Y,1259
3710,More Storage,N,1725
38,Windows Phone,N,1779
79,Windows Phone,N,1388
83,Windows Phone,Y,1625
84,Windows Phone,N,2302
169,Windows Phone,N,1004
174,Windows Phone,N,1740
191,Windows Phone,N,1211
198,Windows Phone,N,1717
205,Windows Phone,N,2068
229,Windows Phone,N,1283
264,Windows Phone,N,1850
273,Windows Phone,N,1788
338,Windows Phone,N,2439
353,Windows Phone,N,1896
354,Windows Phone,N,1042
356,Windows Phone,N,1654
374,Windows Phone,N,2286
385,Windows Phone,N,1333
404,Windows Phone,N,1798
429,Windows Phone,N,1241
436,Windows Phone,N,2111
444,Windows Phone,N,2018
462,Windows Phone,N,356
505,Windows Phone,N,1435
534,Windows Phone,N,1713
560,Windows Phone,N,1889
602,Windows Phone,N,1621
623,Windows Phone,N,1454
654,Windows Phone,N,1114
718,Windows Phone,N,1765
721,Windows Phone,N,1879
732,Windows Phone,N,2561
767,Windows Phone,N,1531
900,Windows Phone,N,1430
903,Windows Phone,N,1172
917,Windows Phone,N,1502
985,Windows Phone,N,1841
1003,Windows Phone,N,1922
1064,Windows Phone,N,2473
1077,Windows Phone,N,1204
1118,Windows Phone,N,2019
1132,Windows Phone,N,1873
1133,Windows Phone,N,2094
1184,Windows Phone,N,1093
1218,Windows Phone,N,1205
1296,Windows Phone,N,1587
1299,Windows Phone,N,1693
1305,Windows Phone,N,1095
1334,Windows Phone,N,915
1339,Windows Phone,N,2003
1341,Windows Phone,N,1504
1380,Windows Phone,N,1067
1398,Windows Phone,N,1603
1403,Windows Phone,N,2300
1409,Windows Phone,N,1754
1447,Windows Phone,N,2422
1448,Windows Phone,N,1225
1452,Windows Phone,N,1554
1501,Windows Phone,N,2479
1517,Windows Phone,N,1707
1528,Windows Phone,N,1113
1571,Windows Phone,N,1065
1599,Windows Phone,N,1441
1601,Windows Phone,N,1880
1632,Windows Phone,N,1692
1646,Windows Phone,N,2388
1671,Windows Phone,N,1870
1718,Windows Phone,N,1601
1730,Windows Phone,N,1521
1741,Windows Phone,N,289
1750,Windows Phone,N,1753
1751,Windows Phone,N,1729
1790,Windows Phone,N,1720
1799,Windows Phone,N,1721
1801,Windows Phone,N,1599
1869,Windows Phone,N,1317
1872,Windows Phone,N,1823
1913,Windows Phone,N,1528
1928,Windows Phone,N,1323
1955,Windows Phone,N,1596
1967,Windows Phone,N,2354
1977,Windows Phone,N,1553
1979,Windows Phone,N,2426
1981,Windows Phone,N,2484
1994,Windows Phone,N,1548
2002,Windows Phone,N,2378
2004,Windows Phone,N,1277
2013,Windows Phone,N,1390
2015,Windows Phone,N,1573
2033,Windows Phone,Y,1278
2073,Windows Phone,N,1704
2093,Windows Phone,N,258
2114,Windows Phone,Y,1717
2162,Windows Phone,Y,1077
2176,Windows Phone,Y,1786
2188,Windows Phone,Y,1752
2235,Windows Phone,Y,1715
2237,Windows Phone,N,2193
2247,Windows Phone,Y,1239
2248,Windows Phone,N,2613
2285,Windows Phone,Y,1663
2287,Windows Phone,Y,1431
2306,Windows Phone,N,2581
2391,Windows Phone,N,801
2393,Windows Phone,Y,1600
2415,Windows Phone,Y,1239
2418,Windows Phone,Y,1571
2554,Windows Phone,Y,1887
2555,Windows Phone,Y,1049
2558,Windows Phone,N,2294
2565,Windows Phone,Y,1175
2659,Windows Phone,N,1732
2664,Windows Phone,Y,1236
2671,Windows Phone,Y,1422
2682,Windows Phone,N,1795
2786,Windows Phone,Y,1734
2788,Windows Phone,N,2387
2793,Windows Phone,Y,1282
2813,Windows Phone,Y,1357
2918,Windows Phone,N,1980
2922,Windows Phone,N,1987
2927,Windows Phone,Y,1528
2935,Windows Phone,Y,1268
2936,Windows Phone,Y,1876
3020,Windows Phone,N,1926
3025,Windows Phone,N,2505
3038,Windows Phone,N,1858
3044,Windows Phone,Y,1514
3052,Windows Phone,N,2404
3243,Windows Phone,N,1690
3253,Windows Phone,N,1597
3264,Windows Phone,N,2306
3325,Windows Phone,N,1718
3326,Windows Phone,N,2198
3329,Windows Phone,N,1047
3400,Windows Phone,N,2242
3448,Windows Phone,Y,1663
3770,Windows Phone,N,2126
3788,Windows Phone,Y,1366
3789,Android Phone,N,1034
3790,Large Display,N,1706
3791,Android Phone,N,1705
3794,Dual SIM,N,2134
3795,Large Display,Y,1830
3796,Android Phone,N,1832
3798,Large Display,Y,1261
3799,Android Phone,N,3462
3800,Android Phone,N,2112
3801,Large Display,N,1763
3803,Large Display,N,1871
3805,Dual SIM,Y,176
3806,Large Display,Y,451
3808,Large Display,N,672
3811,Large Display,N,832
3821,Android Phone,N,291
3822,Large Display,Y,988
3823,Android Phone,N,320
3824,Android Phone,N,567
3825,Android Phone,N,721
